<table>
	<world path="world" script_data_type="binary"/>
	<continents path="continents" script_data_type="binary"/>
	<mission path="mission" script_data_type="binary"/>
	<nav_data path="nav_manager_data" script_data_type="binary"/>
	<world_sounds path="world_sounds" script_data_type="binary"/>
	<world_cameras path="world_cameras" script_data_type="binary"/>
	<massunit path="massunit" reload="true"/>
	<continent path="pc_only/pc_only" script_data_type="binary"/>
	<mission path="pc_only/pc_only" script_data_type="binary"/>
	<continent path="out/out" script_data_type="binary"/>
	<mission path="out/out" script_data_type="binary"/>
	<continent path="world/world" script_data_type="binary"/>
	<mission path="world/world" script_data_type="binary"/>
	<continent path="mt_temp/mt_temp" script_data_type="binary"/>
	<mission path="mt_temp/mt_temp" script_data_type="binary"/>
	<continent path="editor_only/editor_only" script_data_type="binary"/>
	<mission path="editor_only/editor_only" script_data_type="binary"/>
	<cover_data path="cover_data" script_data_type="binary"/>
	<texture path="cube_lights/101212"/>
	<texture path="cube_lights/103244"/>
	<texture path="cube_lights/103245"/>
	<texture path="cube_lights/103690"/>
	<texture path="cube_lights/101203"/>
	<texture path="cube_lights/103246"/>
	<texture path="cube_lights/103691"/>
	<texture path="cube_lights/102865"/>
	<texture path="cube_lights/103625"/>
	<texture path="cube_lights/103079"/>
	<texture path="cube_lights/103379"/>
	<texture path="cube_lights/103179"/>
	<texture path="cube_lights/103133"/>
	<texture path="cube_lights/103906"/>
	<texture path="cube_lights/103697"/>
	<texture path="cube_lights/102733"/>
	<texture path="cube_lights/103205"/>
	<texture path="cube_lights/103061"/>
	<texture path="cube_lights/103173"/>
	<texture path="cube_lights/103012"/>
	<texture path="cube_lights/103949"/>
	<texture path="cube_lights/103378"/>
	<texture path="cube_lights/103111"/>
	<texture path="cube_lights/102846"/>
	<texture path="cube_lights/103372"/>
	<texture path="cube_lights/103025"/>
	<texture path="cube_lights/103239"/>
	<texture path="cube_lights/103941"/>
	<texture path="cube_lights/103042"/>
	<texture path="cube_lights/103095"/>
	<texture path="cube_lights/103200"/>
	<texture path="cube_lights/dome_occlusion"/>
	<texture path="cube_lights/103214"/>
	<texture path="cube_lights/104029"/>
</table>
