<table min_lib_ver="4.5" name="Shadow Raid +">
	<level ai_group_type="America" briefing_dialog="" cube="cube_apply_heist_bank" ghost_required="true" id="Shadow Raid +" intro_event="" max_bags="999" music="ghost" music_ext_start="suspense_1" player_style="generic">
		<assets/>
		<outro_event>
			<value_node value=""/>
		</outro_event>
		<packages>
			<value_node value="packages/kosugi"/>
			<value_node value="levels/narratives/bain/shadow_raid/world"/>
			<value_node value="levels/narratives/bain/shadow_raid/world_sounds"/>
			<value_node value="levels/narratives/bain/shadow_raid/pc_only/pc_only"/>
			<value_node value="levels/narratives/bain/shadow_raid/out/out"/>
			<value_node value="levels/narratives/bain/shadow_raid/world/world"/>
			<value_node value="levels/narratives/bain/shadow_raid/mt_temp/mt_temp"/>
			<value_node value="levels/narratives/bain/shadow_raid/editor_only/editor_only"/>
		</packages>
		<preplanning min_zoom="0.4" mission_briefing_texture="guis/textures/pd2/pre_planning/mission_briefing_shadowraid" total_budget="8">
			<table map_size="2" map_x="-0.6" map_y="-0.6" name_id="menu_pp_shadow_raid_loc_a" rotation="0" texture="guis/textures/pd2/pre_planning/shadow_raid_1" x1="-5650" x2="6850" y1="-7850" y2="4650">
				<custom_points/>
			</table>
			<table map_size="1" map_x="1.1" map_y="-1.1" name_id="menu_pp_shadow_raid_loc_b" rotation="0" texture="guis/textures/pd2/pre_planning/shadow_raid_2" x1="-3950" x2="1550" y1="-6150" y2="-650">
				<custom_points/>
			</table>
			<table map_size="1" map_x="1.1" map_y="0" name_id="menu_pp_shadow_raid_loc_c" rotation="0" texture="guis/textures/pd2/pre_planning/shadow_raid_3" x1="-3950" x2="1550" y1="-6150" y2="-650">
				<custom_points/>
			</table>
			<table map_size="1" map_x="1.1" map_y="1.1" name_id="menu_pp_shadow_raid_loc_d" rotation="0" texture="guis/textures/pd2/pre_planning/shadow_raid_4" x1="-3950" x2="1550" y1="-6150" y2="-650">
				<custom_points/>
			</table>
			<default_plans/>
			<start_location group="a" x="2048" y="1024" zoom="0.8"/>
		</preplanning>
		<script_data_mods directory="scriptdata">
			<mod replacement="objectives.objective" replacement_type="custom_xml" target_ext="objective" target_path="gamedata/objectives">
				<options merge_mode="add" mode="add"/>
			</mod>
		</script_data_mods>
	</level>
	<level ai_group_type="america" id="vault 2" max_bags="54">
		<assets>
			<asset name="ammo_bag"/>
			<asset name="health_bag"/>
			<asset name="grenade_crate"/>
			<asset name="bodybags_bag"/>
		</assets>
		<packages/>
		<script_data_mods directory="scriptdata">
			<mod replacement="objectives.objective" replacement_type="custom_xml" target_ext="objective" target_path="gamedata/objectives">
				<options merge_mode="add" mode="add"/>
			</mod>
		</script_data_mods>
	</level>
	<AssetUpdates id="-1" provider="modworkshop" version="1"/>
	<Localization default="english.txt" directory="loc">
		<loc file="english.txt" language="english"/>
	</Localization>
	<narrative briefing_event="" contact="bain" id="Shadow Raid +" jc="30" load_screen="guis/dlcs/pic/textures/loading/job_shadow_raid" region="street">
		<chain>
			<table level_id="Shadow Raid +" type="d" type_id="heist_type_assault"/>
		</chain>
		<contract_cost>
			<value_node value="1000"/>
			<value_node value="15000"/>
			<value_node value="20000"/>
			<value_node value="25000"/>
			<value_node value="30000"/>
			<value_node value="400000"/>
			<value_node value="700000"/>
		</contract_cost>
		<crimenet_callouts>
			<value_node value=""/>
		</crimenet_callouts>
		<crimenet_videos>
			<value_node value="cn_branchbank1"/>
			<value_node value="cn_branchbank2"/>
			<value_node value="cn_branchbank3"/>
		</crimenet_videos>
		<debrief_event>
			<value_node value=""/>
		</debrief_event>
		<experience_mul>
			<value_node value="5"/>
			<value_node value="5"/>
			<value_node value="5"/>
			<value_node value="5"/>
			<value_node value="5"/>
			<value_node value="5"/>
			<value_node value="5"/>
		</experience_mul>
		<max_mission_xp>
			<value_node value="400000"/>
			<value_node value="500000"/>
			<value_node value="600000"/>
			<value_node value="700000"/>
			<value_node value="700000"/>
			<value_node value="700000"/>
			<value_node value="700000"/>
		</max_mission_xp>
		<min_mission_xp>
			<value_node value="10000"/>
			<value_node value="20000"/>
			<value_node value="30000"/>
			<value_node value="40000"/>
			<value_node value="50000"/>
			<value_node value="60000"/>
			<value_node value="70000"/>
		</min_mission_xp>
		<payout>
			<value_node value="350000"/>
			<value_node value="500000"/>
			<value_node value="550000"/>
			<value_node value="1e+006"/>
			<value_node value="1e+007"/>
			<value_node value="1e+007"/>
			<value_node value="1e+007"/>
		</payout>
	</narrative>
</table>
